Date,Wednesday,Wednesday Open,Wednesday High,Wednesday Low,Wednesday Close,Wednesday Average,Friday,Friday Open,Friday High,Friday Low,Friday Close,Friday Average,Avg Difference,Put Sold,Put Buy,Gain/Loss
2020-09-23 00:00:00-04:00,2020-09-23 00:00:00-04:00,313.1931928347785,313.4771568550935,304.8641014941206,305.3752136230469,309.17062917460703,2020-09-25 00:00:00-04:00,305.31841273123996,311.94383581414377,304.42873963389536,311.13934326171875,308.18628772401956,-0.9843414505874648,305.0,300.0,2000.0
2020-09-30 00:00:00-04:00,2020-09-30 00:00:00-04:00,315.2660289700218,320.18778350222146,315.0672743604929,316.9697265625,317.6275289313572,2020-10-02 00:00:00-04:00,313.95041962953434,318.9762740172387,313.4677009860596,315.97589111328125,316.22198750164915,-1.4055414297080233,313.0,308.0,2000.0
2020-10-07 00:00:00-04:00,2020-10-07 00:00:00-04:00,320.02688967853715,323.34907566060235,319.9984961609364,322.525634765625,321.67378591076937,2020-10-09 00:00:00-04:00,327.06869411223465,328.7629172901882,326.43456273982326,328.2896728515625,327.5987400150058,5.924954104236406,317.0,312.0,2000.0
2020-10-14 00:00:00-04:00,2020-10-14 00:00:00-04:00,331.98102615391497,333.09787627325915,328.56421463171307,329.3119201660156,330.83104545248614,2020-10-16 00:00:00-04:00,330.28676656669995,331.98098982697627,328.5263110340545,328.7061462402344,330.2536504305154,-0.5773950219707444,326.0,321.0,2000.0
2020-10-21 00:00:00-04:00,2020-10-21 00:00:00-04:00,324.9580986389479,327.1729086102789,324.0778706848236,324.3902282714844,325.6253896475513,2020-10-23 00:00:00-04:00,327.4189145866604,327.4757016127308,324.76875708820677,327.2769470214844,326.1222293504688,0.496839702917498,321.0,316.0,2000.0
2020-10-28 00:00:00-04:00,2020-10-28 00:00:00-04:00,314.32898643319777,320.1498877054782,308.6784462398211,309.1800842285156,314.41416697264964,2020-10-30 00:00:00-04:00,310.7134099488329,312.0479629143606,305.3373593233335,309.0665283203125,308.692661118847,-5.7215058538026256,310.0,305.0,-3229.3555246119467
2020-11-04 00:00:00-05:00,2020-11-04 00:00:00-05:00,322.62021743438277,329.321375537786,321.41818683725205,325.1568298339844,325.36978118751904,2020-11-06 00:00:00-05:00,331.2048740455811,332.70034277414027,329.0468803773425,331.4225769042969,330.8736115757414,5.5038303882223545,321.0,316.0,2000.0
2020-11-11 00:00:00-05:00,2020-11-11 00:00:00-05:00,337.3286580114911,338.42658866617404,336.06036627708596,337.584228515625,337.24347747163,2020-11-13 00:00:00-05:00,336.2591033254303,339.6948626766501,335.72907184869354,338.93768310546875,337.7119672626718,0.46848979104180444,333.0,328.0,2000.0
2020-11-18 00:00:00-05:00,2020-11-18 00:00:00-05:00,341.5973673420125,342.15579241673987,337.177250758435,337.2151184082031,339.66652158758745,2020-11-20 00:00:00-05:00,338.36978106924124,338.5780097822042,336.2401810485257,336.3158874511719,337.40909541536496,-2.2574261722224946,335.0,330.0,2000.0
2020-11-25 00:00:00-05:00,2020-11-25 00:00:00-05:00,343.69857415445716,343.72696767064167,342.13687299520365,343.25372314453125,342.9319203329227,2020-11-27 00:00:00-05:00,344.37060377464286,344.6924066147348,343.17801822022994,344.209716796875,343.9352124174824,1.003292084559689,338.0,333.0,2000.0
2020-12-02 00:00:00-05:00,2020-12-02 00:00:00-05:00,345.2981351803339,347.32360668646356,344.71131660271266,347.1627197265625,346.01746164458814,2020-12-04 00:00:00-05:00,347.664404580827,350.05902099609375,347.56974988807974,350.05902099609375,348.81438544208675,2.796923797498607,341.0,336.0,2000.0
2020-12-09 00:00:00-05:00,2020-12-09 00:00:00-05:00,351.03386264645354,351.194749609219,346.3676785734,347.2195129394531,348.7812140913095,2020-12-11 00:00:00-05:00,345.3738955360859,347.11543215877407,343.82166830296364,346.698974609375,345.46855023086886,-3.3126638604406367,344.0,339.0,2000.0
2020-12-16 00:00:00-05:00,2020-12-16 00:00:00-05:00,350.0306004846151,351.2988923928672,349.1314242996897,350.36187744140625,350.21515834627843,2020-12-18 00:00:00-05:00,352.61578272543466,352.7868700318115,348.86120245863646,350.9143371582031,350.82403624522397,0.6088778989455363,345.0,340.0,2000.0
2020-12-23 00:00:00-05:00,2020-12-23 00:00:00-05:00,350.0588358125471,351.33253397587356,349.0512831011444,349.38397216796875,350.191908538509,2021-01-08 00:00:00-05:00,361.7597124597147,362.61517775396965,358.442394937386,362.3965759277344,360.5287863456778,10.336877807168833,345.0,340.0,2000.0
2020-12-30 00:00:00-05:00,2020-12-30 00:00:00-05:00,353.9179857224562,354.6403930061886,353.1860929270879,353.5852966308594,353.9132429666382,2021-01-08 00:00:00-05:00,361.7597124597147,362.61517775396965,358.442394937386,362.3965759277344,360.5287863456778,6.615543379039593,349.0,344.0,2000.0
2021-01-06 00:00:00-05:00,2021-01-06 00:00:00-05:00,351.41807751676987,358.3284027615007,350.8572720649414,355.0680847167969,354.59283741322105,2021-01-08 00:00:00-05:00,361.7597124597147,362.61517775396965,358.442394937386,362.3965759277344,360.5287863456778,5.935948932456768,350.0,345.0,2000.0
2021-01-13 00:00:00-05:00,2021-01-13 00:00:00-05:00,359.95371653132355,362.0163361100938,359.155280338799,360.9992980957031,360.5858082244464,2021-01-15 00:00:00-05:00,358.08118727301417,358.89862349813376,355.2106169606788,357.1116638183594,357.0546202294063,-3.5311879950401135,356.0,351.0,2000.0
2021-01-20 00:00:00-05:00,2021-01-20 00:00:00-05:00,362.253970871824,365.751919143804,361.8547672750931,364.8964538574219,363.80334320944854,2021-01-22 00:00:00-05:00,363.3375974557101,365.1245862256934,362.9478793509649,363.9364318847656,364.03623278832913,0.23288957888058803,359.0,354.0,2000.0
2021-01-27 00:00:00-05:00,2021-01-27 00:00:00-05:00,361.4080991028139,361.50315726822924,353.60430815045993,355.88555908203125,357.55373270934456,2021-01-29 00:00:00-05:00,357.045162475497,358.033715080642,350.0492941272287,351.76025390625,354.0415046039353,-3.5122281054092355,353.0,348.0,2000.0
2021-02-03 00:00:00-05:00,2021-02-03 00:00:00-05:00,363.5182028344857,364.71587170445196,361.6551849316184,362.9573974609375,363.18552831803515,2021-02-05 00:00:00-05:00,368.9932115141873,369.24984240057483,367.03513554573135,368.5274353027344,368.1424889731531,4.956960655117939,358.0,353.0,2000.0
2021-02-10 00:00:00-05:00,2021-02-10 00:00:00-05:00,372.71931923729846,372.8714064982377,368.32790473051426,370.7802429199219,370.599655614376,2021-02-12 00:00:00-05:00,370.56162361784993,373.46070893497836,370.485565487119,373.2135925292969,371.97313721104865,1.3734815966726615,366.0,361.0,2000.0
2021-02-17 00:00:00-05:00,2021-02-17 00:00:00-05:00,371.1034499467432,373.2326136044291,370.0673536589336,372.9759826660156,371.6499836316814,2021-02-19 00:00:00-05:00,372.67174200701174,372.9664019606448,370.2764043095122,370.732666015625,371.6214031350785,-0.028580496602899075,367.0,362.0,2000.0
2021-02-24 00:00:00-05:00,2021-02-24 00:00:00-05:00,367.21571620964386,372.82382784003386,366.2081636608161,372.3865661621094,369.51599575042496,2021-02-26 00:00:00-05:00,365.33377737108447,366.502902917085,359.5165771677559,361.5411682128906,363.00974004242045,-6.506255708004517,364.0,359.0,-1961.0398303182137
2021-03-03 00:00:00-05:00,2021-03-03 00:00:00-05:00,366.702551071148,367.69107484635737,362.44419439750175,362.54876708984375,365.0676346219295,2021-03-05 00:00:00-05:00,361.6361806195587,365.72344927683076,354.2031085268234,364.64935302734375,359.9632789018271,-5.104355720102433,360.0,355.0,1853.115607308382
2021-03-10 00:00:00-05:00,2021-03-10 00:00:00-05:00,370.40953483560725,372.034922029223,368.9647494421352,370.3049621582031,370.4998357356791,2021-03-12 00:00:00-05:00,372.67176094738085,374.70586618253935,371.8448101317583,374.56329345703125,373.27533815714884,2.775502421469753,365.0,360.0,2000.0
2021-03-17 00:00:00-04:00,2021-03-17 00:00:00-04:00,375.01004083266605,378.4224167671374,373.84088646763746,377.60498046875,376.13165161738743,2021-03-19 00:00:00-04:00,371.8039648143337,373.4156135277619,369.2005255612523,371.4225158691406,371.3080695445071,-4.823582072880356,371.0,366.0,2000.0
2021-03-24 00:00:00-04:00,2021-03-24 00:00:00-04:00,372.87188830276284,374.540752252967,369.5055524701724,369.55322265625,372.0231523615697,2021-03-26 00:00:00-04:00,372.80524079090833,378.0311811218392,372.1949283501198,377.6211242675781,375.1130547359795,3.089902374409803,367.0,362.0,2000.0
2021-03-31 00:00:00-04:00,2021-03-31 00:00:00-04:00,377.0107429305654,379.5474201353498,376.9821349926525,377.954833984375,378.2647775640012,2021-04-09 00:00:00-04:00,389.4557971591325,392.5837251041184,389.33181970264667,392.41204833984375,390.95777240338253,12.692994839381356,373.0,368.0,2000.0
2021-04-07 00:00:00-04:00,2021-04-07 00:00:00-04:00,387.1193081870959,388.0920072040845,386.652035488153,387.7391662597656,387.37202134611874,2021-04-09 00:00:00-04:00,389.4557971591325,392.5837251041184,389.33181970264667,392.41204833984375,390.95777240338253,3.585751057263792,382.0,377.0,2000.0
2021-04-14 00:00:00-04:00,2021-04-14 00:00:00-04:00,393.6898345602057,394.76744871091324,391.82071473658056,392.37384033203125,393.2940817237469,2021-04-16 00:00:00-04:00,397.9049135486459,398.53431726371696,396.4553962398861,397.9144592285156,397.49485675180154,4.200775028054636,388.0,383.0,2000.0
2021-04-21 00:00:00-04:00,2021-04-21 00:00:00-04:00,392.4310515027659,396.98943380848374,392.2879827142444,396.7796325683594,394.63870826136406,2021-04-23 00:00:00-04:00,393.72797921569605,398.8585493121718,393.6517010849649,397.4185485839844,396.25512519856835,1.616416937204292,389.0,384.0,2000.0
2021-04-28 00:00:00-04:00,2021-04-28 00:00:00-04:00,398.43896819263784,399.5833439337211,397.57115525780847,398.0479736328125,398.5772495957648,2021-04-30 00:00:00-04:00,398.2673531695224,399.13516617540205,397.0371535125407,397.95263671875,398.08615984397136,-0.4910897517934245,393.0,388.0,2000.0
2021-05-05 00:00:00-04:00,2021-05-05 00:00:00-04:00,398.02891989691176,398.2673290895183,395.9022994218949,396.4744873046875,397.0848142557066,2021-05-07 00:00:00-04:00,400.4225420107293,403.21669065532484,399.72637671828716,402.54913330078125,401.47153368680597,4.38671943109938,392.0,387.0,2000.0
2021-05-12 00:00:00-04:00,2021-05-12 00:00:00-04:00,392.164095617705,393.4610277753791,385.26929065695106,386.6139221191406,389.36515921616507,2021-05-14 00:00:00-04:00,394.052270236358,398.1338347446406,394.0236622952852,397.2660217285156,396.0787485199629,6.713589303797846,384.0,379.0,2000.0
2021-05-19 00:00:00-04:00,2021-05-19 00:00:00-04:00,388.05385543531037,391.99235052622043,386.53754748497676,391.8111572265625,389.2649490055986,2021-05-21 00:00:00-04:00,397.542538268154,398.8108914142898,395.23475368318134,395.7020263671875,397.0228225487356,7.757873543136952,384.0,379.0,2000.0
2021-05-26 00:00:00-04:00,2021-05-26 00:00:00-04:00,399.4498249717858,400.1555068612685,398.3913021375617,399.64056396484375,399.2734044994151,2021-05-28 00:00:00-04:00,401.4524880393477,401.71950518135486,400.3272035910807,400.56561279296875,401.02335438621776,1.7499498868026535,394.0,389.0,2000.0
2021-06-02 00:00:00-04:00,2021-06-02 00:00:00-04:00,400.88022514712037,401.700367781599,399.8503103927978,400.8420715332031,400.7753390871984,2021-06-04 00:00:00-04:00,401.24272392994766,403.31212879913056,399.4212739665467,403.0069580078125,401.36670138283864,0.5913622956402378,395.0,390.0,2000.0
2021-06-09 00:00:00-04:00,2021-06-09 00:00:00-04:00,403.5599846645479,403.6362919004975,401.87205812837755,402.1009216308594,402.7541750144375,2021-06-11 00:00:00-04:00,404.5327481970782,404.75206603861017,403.21672473714233,404.63763427734375,403.98439538787625,1.2302203734387263,397.0,392.0,2000.0
2021-06-16 00:00:00-04:00,2021-06-16 00:00:00-04:00,404.9427644552971,405.1716279548911,400.45114365966697,402.5395812988281,402.81138580727907,2021-06-18 00:00:00-04:00,399.0535929087238,399.76158342476936,396.7669598971719,396.9774475097656,398.2642716609706,-4.547114146308445,397.0,392.0,2000.0
2021-06-23 00:00:00-04:00,2021-06-23 00:00:00-04:00,404.8898307946932,405.71262746160704,404.2392433095202,404.3253479003906,404.9759353855636,2021-06-25 00:00:00-04:00,407.4826677138168,408.6212105087435,407.14779703332715,408.1619567871094,407.8845037710353,2.9085683854717104,399.0,394.0,2000.0
2021-06-30 00:00:00-04:00,2021-06-30 00:00:00-04:00,408.736006366886,410.2381213372832,408.70730483487375,409.54925537109375,409.47271308607844,2021-07-02 00:00:00-04:00,413.00313817016894,415.32804972207174,411.9028447117269,414.9644775390625,413.6154472168993,4.142734130820884,404.0,399.0,2000.0
2021-07-07 00:00:00-04:00,2021-07-07 00:00:00-04:00,414.9071221732695,415.9595604035157,412.85010106745534,415.6725158691406,414.4048307354855,2021-07-09 00:00:00-04:00,413.8259221608716,416.99278410316714,412.084618178697,416.6866149902344,414.53870114093206,0.13387040544654383,409.0,404.0,2000.0
2021-07-14 00:00:00-04:00,2021-07-14 00:00:00-04:00,418.4853294368507,418.9828615536441,416.1030148550778,417.37548828125,417.54293820436095,2021-07-16 00:00:00-04:00,417.1554748340329,417.20330098720535,412.2855870065088,412.6874084472656,414.74444399685706,-2.798494207503893,412.0,407.0,2000.0
2021-07-21 00:00:00-04:00,2021-07-21 00:00:00-04:00,413.64418185773064,415.90214281815724,412.3717083132367,415.75860595703125,414.13692556569697,2021-07-23 00:00:00-04:00,418.6001633794343,421.259945726366,417.9017497042754,420.91552734375,419.5808477153207,5.443922149623745,408.0,403.0,2000.0
2021-07-28 00:00:00-04:00,2021-07-28 00:00:00-04:00,420.6667034787155,421.25988785477256,418.3991951776428,419.85345458984375,419.82954151620766,2021-07-30 00:00:00-04:00,418.9732729822168,421.0302937676952,418.83931304745687,419.5473327636719,419.93480340757606,0.10526189136840003,414.0,409.0,2000.0
2021-08-04 00:00:00-04:00,2021-08-04 00:00:00-04:00,420.76240285358045,422.0444531526183,419.75782013503306,419.99700927734375,420.9011366438257,2021-08-06 00:00:00-04:00,422.9821352036573,423.78580731326826,422.69509068014827,423.3552551269531,423.24044899670827,2.3393123528825868,415.0,410.0,2000.0
2021-08-11 00:00:00-04:00,2021-08-11 00:00:00-04:00,424.627786501936,424.6851895709296,423.47966672626586,424.5895080566406,424.0824281485977,2021-08-13 00:00:00-04:00,426.32121682704144,426.6560875134886,425.8237138515097,426.636962890625,426.2399006824992,2.157472533901455,418.0,413.0,2000.0
2021-08-18 00:00:00-04:00,2021-08-18 00:00:00-04:00,423.8048624740564,425.40265871914363,419.93958713247906,420.1883239746094,422.67112292581135,2021-08-20 00:00:00-04:00,421.19293762312566,424.52243166016314,420.695405540981,424.18756103515625,422.6089186005721,-0.062204325239235914,417.0,412.0,2000.0
2021-08-25 00:00:00-04:00,2021-08-25 00:00:00-04:00,428.78959860312546,430.0237935380366,428.4068726223633,429.4975891113281,429.21533308019997,2021-08-27 00:00:00-04:00,427.7850708397708,431.162420979234,427.7276677709447,430.77972412109375,429.44504437508937,0.22971129488939823,423.0,418.0,2000.0
2021-09-01 00:00:00-04:00,2021-09-01 00:00:00-04:00,432.98977866034915,433.51598312832715,432.0234451195546,432.26263427734375,432.76971412394084,2021-09-03 00:00:00-04:00,432.4348348085096,434.0134772721535,432.0234073027259,433.48724365234375,433.0184422874397,0.24872816349886762,427.0,422.0,2000.0
2021-09-08 00:00:00-04:00,2021-09-08 00:00:00-04:00,431.3920387074883,432.1383077590498,429.4497945934827,431.4111633300781,430.79405117626624,2021-09-10 00:00:00-04:00,431.5355780814516,431.96610110558566,426.05335132428377,426.177734375,429.00972621493474,-1.7843249613314924,425.0,420.0,2000.0
2021-09-15 00:00:00-04:00,2021-09-15 00:00:00-04:00,425.39314046630625,429.0192563743268,424.26417461773815,428.5121765136719,426.6417154960325,2021-09-17 00:00:00-04:00,427.04390502027564,427.47580723202657,423.30057676982335,423.6653137207031,425.38819200092496,-1.2535234951075154,421.0,416.0,2000.0
2021-09-22 00:00:00-04:00,2021-09-22 00:00:00-04:00,418.5302725410217,422.3503737437651,416.32269417895264,420.2675476074219,419.3365339613589,2021-09-24 00:00:00-04:00,423.7037627680574,426.8039979101389,423.4829931960969,426.07452392578125,425.1434955531179,5.806961591758977,414.0,409.0,2000.0
2021-09-29 00:00:00-04:00,2021-09-29 00:00:00-04:00,417.70482658749813,419.4805026699441,416.4186689671336,416.99456787109375,417.9495858185388,2021-10-01 00:00:00-04:00,413.6640001912605,418.51108845081967,410.06466852581485,416.7929992675781,414.28787848831723,-3.6617073302215886,412.0,407.0,2000.0
2021-10-06 00:00:00-04:00,2021-10-06 00:00:00-04:00,412.0226818865201,417.6376451159814,410.36220896600815,417.4264831542969,413.99992704099475,2021-10-08 00:00:00-04:00,421.8224834850117,422.21601392704656,419.6244834224994,420.2675476074219,420.920248674773,6.920321633778258,408.0,403.0,2000.0
2021-10-13 00:00:00-04:00,2021-10-13 00:00:00-04:00,417.244103554391,418.5302611807614,414.201485018747,417.6952209472656,416.3658730997542,2021-10-15 00:00:00-04:00,426.8807233207495,428.3300635365368,426.24723745076506,427.9557189941406,427.28865049365095,10.922777393896752,411.0,406.0,2000.0
2021-10-20 00:00:00-04:00,2021-10-20 00:00:00-04:00,433.00437006421777,434.54009064908917,432.8891961463533,434.2329406738281,433.71464339772126,2021-10-22 00:00:00-04:00,434.9240973382464,436.40223124921204,432.9276514055115,434.91448974609375,434.66494132736176,0.9502979296404988,428.0,423.0,2000.0
2021-10-27 00:00:00-04:00,2021-10-27 00:00:00-04:00,438.1106389585509,438.7921041830458,435.6246749094262,435.70147705078125,437.208389546236,2021-10-29 00:00:00-04:00,437.5539241108271,441.0956686114731,437.2563817200571,440.7981262207031,439.1760251657651,1.9676356195291191,431.0,426.0,2000.0
2021-11-03 00:00:00-04:00,2021-11-03 00:00:00-04:00,442.7657670474021,446.4610866890001,442.3146496476522,446.0483703613281,444.3878681683261,2021-11-05 00:00:00-04:00,450.4251275075515,451.7400785537267,448.1599623488859,449.70526123046875,449.9500204513063,5.562152282980151,438.0,433.0,2000.0
2021-11-10 00:00:00-05:00,2021-11-10 00:00:00-05:00,446.87376548708784,448.601462088271,443.4760178251507,444.9925231933594,446.03873995671086,2021-11-12 00:00:00-05:00,446.4322996847961,449.06220197729533,445.46287031795396,448.49591064453125,447.26253614762464,1.223796190913788,440.0,435.0,2000.0
2021-11-17 00:00:00-05:00,2021-11-17 00:00:00-05:00,450.15642634438615,450.33879483056984,448.69750774635366,449.33099365234375,449.51815128846175,2021-11-19 00:00:00-05:00,450.74191640189645,452.01849584148107,449.67652822841717,450.0508728027344,450.8475120349491,1.329360746487339,443.0,438.0,2000.0
2021-11-24 00:00:00-05:00,2021-11-24 00:00:00-05:00,447.3345936686749,450.70357792071115,446.49955329988234,450.57879638671875,448.60156561029675,2021-11-26 00:00:00-05:00,443.76395228710135,445.2612717655006,439.3775601768799,440.52935791015625,442.31941597119027,-6.282149639106478,442.0,437.0,2000.0
2021-12-01 00:00:00-05:00,2021-12-01 00:00:00-05:00,443.0921481090797,446.00040698024577,432.19816486265813,432.39971923828125,439.09928592145195,2021-12-03 00:00:00-05:00,440.721429472681,441.8060036019799,430.88325511462057,435.20245361328125,436.34462935830027,-2.754656563151684,433.0,428.0,2000.0
2021-12-08 00:00:00-05:00,2021-12-08 00:00:00-05:00,449.8684859695774,451.11624258355306,448.0735946123638,450.655517578125,449.59491859795844,2021-12-10 00:00:00-05:00,450.3771661398363,451.98005204433576,447.76644983227925,451.82647705078125,449.8732509383075,0.27833234034903853,443.0,438.0,2000.0
2021-12-15 00:00:00-05:00,2021-12-15 00:00:00-05:00,444.8006252734271,451.9416724182362,442.2282806236218,451.692138671875,447.084976520929,2021-12-17 00:00:00-05:00,444.56212840797957,447.6347192702597,441.2005911362837,442.9439697265625,444.4176552032717,-2.667321317657297,441.0,436.0,2000.0
2021-12-22 00:00:00-05:00,2021-12-22 00:00:00-05:00,445.7564610574008,450.59168328771005,445.55416919814076,450.4761047363281,448.0729262429254,2021-12-31 00:00:00-05:00,458.13350974384264,459.3085779525602,457.1992105889976,457.478515625,458.2538942707789,10.18096802785351,442.0,437.0,2000.0
2021-12-29 00:00:00-05:00,2021-12-29 00:00:00-05:00,459.42422581563454,460.9460592070616,458.4032426580461,459.90582275390625,459.67465093255385,2021-12-31 00:00:00-05:00,458.13350974384264,459.3085779525602,457.1992105889976,457.478515625,458.2538942707789,-1.4207566617749308,453.0,448.0,2000.0
2022-01-05 00:00:00-05:00,2022-01-05 00:00:00-05:00,459.5975880269615,460.38741405069135,451.04442180496966,451.1407470703125,455.7159179278305,2022-01-07 00:00:00-05:00,450.7266146017288,451.9306070230451,447.54805697284587,448.93505859375,449.7393319979455,-5.976585929885005,449.0,444.0,2000.0
2022-01-12 00:00:00-05:00,2022-01-12 00:00:00-05:00,454.23262134404524,455.78337885443415,451.68016331165865,453.68359375,453.7317710830464,2022-01-14 00:00:00-05:00,444.215374876862,447.9718250201289,442.9728465775855,447.6154479980469,445.4723357988572,-8.25943528418918,447.0,442.0,-4110.656804571136
2022-01-19 00:00:00-05:00,2022-01-19 00:00:00-05:00,441.2680148806652,442.6935230040079,434.84349879764505,435.1228332519531,438.76851090082647,2022-01-21 00:00:00-05:00,429.16061500403407,431.5685994357356,421.8307245032182,421.859619140625,426.6996619694769,-12.068848931349578,433.0,428.0,-20000.0
2022-01-26 00:00:00-05:00,2022-01-26 00:00:00-05:00,424.4987944040797,427.69660503813304,413.07530006727,417.428955078125,420.3859525527015,2022-01-28 00:00:00-05:00,416.7546770575324,425.7316501284576,412.07356940296035,425.6835021972656,418.902609765709,-1.483342786992523,415.0,410.0,2000.0
2022-02-02 00:00:00-05:00,2022-02-02 00:00:00-05:00,438.7347786950141,441.258341763996,436.3749421122436,440.5166931152344,438.8166419381198,2022-02-04 00:00:00-05:00,429.9215777014121,436.1149070572524,427.4943104046752,432.1850891113281,431.8046087309638,-7.01203320715598,433.0,428.0,-2781.565076144716
2022-02-09 00:00:00-05:00,2022-02-09 00:00:00-05:00,438.46505995949536,441.0271588612828,438.26279750245277,440.6996765136719,439.6449781818678,2022-02-11 00:00:00-05:00,432.8689487072988,434.98795752625887,422.7843079907174,424.24835205078125,428.88613275848815,-10.758845423379682,434.0,429.0,-20000.0
2022-02-16 00:00:00-05:00,2022-02-16 00:00:00-05:00,427.59067382695554,431.5686694566407,425.6739273145231,430.16241455078125,428.6212983855819,2022-02-18 00:00:00-05:00,421.2335888518465,422.51465324073126,415.9264102809335,418.2477111816406,419.2205317608324,-9.400766624749508,423.0,418.0,-13117.872956670453
2022-02-23 00:00:00-05:00,2022-02-23 00:00:00-05:00,416.7354448775209,417.3133670528118,405.84172504150587,406.4196472167969,411.5775460471589,2022-02-25 00:00:00-05:00,413.7976802864682,421.7247759569468,412.1120911121181,421.6380920410156,416.9184335345325,5.340887487373607,406.0,401.0,2000.0
2022-03-02 00:00:00-05:00,2022-03-02 00:00:00-05:00,416.456130737688,423.5356115928266,415.6855873959678,421.7729797363281,419.6105994943972,2022-03-04 00:00:00-05:00,415.85899540488623,417.4193649289034,412.13143945432364,416.2635498046875,414.7754021916135,-4.835197302783683,414.0,409.0,2000.0
2022-03-09 00:00:00-05:00,2022-03-09 00:00:00-05:00,409.49227135259616,413.7014240191986,407.2576544357797,411.6787109375,410.47953922748917,2022-03-11 00:00:00-05:00,412.36252399789987,412.98859408758153,404.0886928023826,404.60882568359375,408.5386434449821,-1.9408957825070843,405.0,400.0,2000.0
2022-03-16 00:00:00-04:00,2022-03-16 00:00:00-04:00,414.0673749286134,419.6442455722295,409.16469287845297,419.5864562988281,414.40446922534124,2022-03-18 00:00:00-04:00,423.1895212910092,429.8175439325413,422.43589729553383,429.4890441894531,426.1267206140376,11.72225138869635,409.0,404.0,2000.0
2022-03-23 00:00:00-04:00,2022-03-23 00:00:00-04:00,431.79828094747324,433.3248421795646,428.70647329339414,428.7934265136719,431.0156577364794,2022-03-25 00:00:00-04:00,435.9046096923828,437.6630758149583,433.2669105085196,437.38287353515625,435.4649931617389,4.449335425259505,425.0,420.0,2000.0
2022-03-30 00:00:00-04:00,2022-03-30 00:00:00-04:00,444.77413569106494,445.6050711255712,441.0349999499414,443.1896057128906,443.3200355377563,2022-04-01 00:00:00-04:00,437.98180822383074,438.12673023825477,433.95282879454595,437.6050109863281,436.03977951640036,-7.280256021355967,437.0,432.0,-1840.881934398567
2022-04-06 00:00:00-04:00,2022-04-06 00:00:00-04:00,431.778961412834,433.7499600144573,428.4745916631389,431.42144775390625,431.1122758387981,2022-04-08 00:00:00-04:00,432.82241216760906,435.39247087303926,430.8610554563151,432.4359436035156,433.1267631646772,2.014487325879088,425.0,420.0,2000.0
2022-04-13 00:00:00-04:00,2022-04-13 00:00:00-04:00,423.2185151496912,429.0929139269786,423.0349374236202,428.3199768066406,426.0639256752994,2022-04-22 00:00:00-04:00,422.1364426196322,423.26686403246185,411.05428503210527,411.6340026855469,417.1605745322836,-8.903351143015811,420.0,415.0,-9357.70187086564
2022-04-20 00:00:00-04:00,2022-04-20 00:00:00-04:00,431.807899908432,432.43591496920664,428.4842174031201,429.672607421875,430.4600661861634,2022-04-22 00:00:00-04:00,422.1364426196322,423.26686403246185,411.05428503210527,411.6340026855469,417.1605745322836,-13.299491653879784,425.0,420.0,-20000.0
2022-04-27 00:00:00-04:00,2022-04-27 00:00:00-04:00,403.13150753772885,408.6194673842958,400.97693125264675,403.1604919433594,404.79819931847123,2022-04-29 00:00:00-04:00,409.2667890442603,411.4696922938529,397.3053997514421,398.0686950683594,404.3875460226475,-0.41065329582374943,399.0,394.0,2000.0
2022-05-04 00:00:00-04:00,2022-05-04 00:00:00-04:00,402.97689838791564,415.13153642316416,399.7208558454108,414.55181884765625,407.42619613428747,2022-05-06 00:00:00-04:00,397.1991550195055,400.77402628882965,392.0107398131368,397.4310302734375,396.3923830509832,-11.033813083304267,402.0,397.0,-20000.0
2022-05-11 00:00:00-04:00,2022-05-11 00:00:00-04:00,384.60969087559755,390.37782281664937,378.7062787334183,379.4695739746094,384.54205077503383,2022-05-13 00:00:00-04:00,383.2956594429005,389.5468843626202,382.232848891314,388.1362609863281,385.8898666269671,1.3478158519332624,379.0,374.0,2000.0
2022-05-18 00:00:00-04:00,2022-05-18 00:00:00-04:00,389.85613222975985,390.1459762958886,377.3440091284925,378.6097106933594,383.74499271219054,2022-05-20 00:00:00-04:00,379.95269773491793,383.60488014719647,367.67248021032873,376.4551086425781,375.63868017876257,-8.106312533427968,378.0,373.0,-7445.27928494972
2022-05-25 00:00:00-04:00,2022-05-25 00:00:00-04:00,379.04451076684677,385.9430944790319,378.6387290694613,383.93341064453125,382.29091177424664,2022-05-27 00:00:00-04:00,394.11700114911014,401.33441296361025,393.9141103109367,401.2184753417969,397.62426163727343,15.333349863026797,377.0,372.0,2000.0
2022-06-01 00:00:00-04:00,2022-06-01 00:00:00-04:00,401.13147752240263,402.16527419239543,393.17008437708205,395.7401428222656,397.6676792847387,2022-06-03 00:00:00-04:00,398.45520384523985,400.0397634493226,395.66294091358685,396.6581115722656,397.85135218145473,0.18367289671601839,392.0,387.0,2000.0
2022-06-08 00:00:00-04:00,2022-06-08 00:00:00-04:00,399.9334196455209,401.75952559315584,396.5034706617228,397.3150634765625,399.13149812743933,2022-06-10 00:00:00-04:00,381.52759646421174,382.39715811309804,376.5710567341994,376.6193542480469,379.4841074236487,-19.64739070379062,394.0,389.0,-20000.0
2022-06-15 00:00:00-04:00,2022-06-15 00:00:00-04:00,364.59996874673897,370.9188340309329,359.5371630708631,366.3777770996094,365.22799855089795,2022-06-17 00:00:00-04:00,354.67623636777483,358.43152422926426,351.4352380395353,355.0158386230469,354.9333811343998,-10.29461741649817,360.0,355.0,-20000.0
2022-06-22 00:00:00-04:00,2022-06-22 00:00:00-04:00,359.63472407535306,367.49464393511516,359.2077634183664,363.2929992675781,363.3512036767408,2022-06-24 00:00:00-04:00,370.0951983941045,378.5276268919151,370.0660887864665,378.5179138183594,374.2968578391908,10.945654162450012,358.0,353.0,2000.0
2022-06-29 00:00:00-04:00,2022-06-29 00:00:00-04:00,369.930254255702,370.9394070636886,367.20354575597224,369.0666198730469,369.07147640983044,2022-07-01 00:00:00-04:00,365.3987251718315,370.3863893211849,362.7205223452971,369.94000244140625,366.553455833241,-2.5180205765894357,364.0,359.0,2000.0
2022-07-06 00:00:00-04:00,2022-07-06 00:00:00-04:00,370.7842173638759,374.4327801643091,368.34863408480936,371.89044189453125,371.39070712455924,2022-07-08 00:00:00-04:00,375.7912831850143,379.0614210567363,374.2290178963622,377.1498107910156,376.6452194765493,5.2545123519900585,366.0,361.0,2000.0
2022-07-13 00:00:00-04:00,2022-07-13 00:00:00-04:00,363.9819261802347,370.5997863829546,363.55496554696066,367.6013488769531,367.07737596495764,2022-07-15 00:00:00-04:00,371.21111587013377,373.83109907812553,369.2607128813691,373.71466064453125,371.5459059797473,4.468530014789678,362.0,357.0,2000.0
2022-07-20 00:00:00-04:00,2022-07-20 00:00:00-04:00,380.8370627669191,384.5147342261904,379.4397424661148,383.0688781738281,381.9772383461526,2022-07-22 00:00:00-04:00,387.09591942591106,388.31855255802543,381.1087868171538,383.3794250488281,384.71366968758963,2.736431341437026,377.0,372.0,2000.0
2022-07-27 00:00:00-04:00,2022-07-27 00:00:00-04:00,382.6710506402401,390.9385345295912,382.37024149162113,389.153076171875,386.65438801060617,2022-07-29 00:00:00-04:00,395.49927375417343,400.78774703756426,394.7132846067164,399.778564453125,397.7505158221403,11.096127811534132,381.0,376.0,2000.0
2022-08-03 00:00:00-04:00,2022-08-03 00:00:00-04:00,398.13860215680756,403.35914246235734,397.84750607074835,402.1656188964844,400.6033242665528,2022-08-05 00:00:00-04:00,397.51759224050033,401.87449818981594,397.4593730225652,401.21466064453125,399.6669356061906,-0.9363886603622404,395.0,390.0,2000.0
2022-08-10 00:00:00-04:00,2022-08-10 00:00:00-04:00,406.36725483034616,407.6869594888288,404.3683161148319,407.5413818359375,406.02763780183034,2022-08-12 00:00:00-04:00,409.5209425667457,414.5473991911814,408.5505827730077,414.440673828125,411.54899098209455,5.521353180264214,400.0,395.0,2000.0
2022-08-17 00:00:00-04:00,2022-08-17 00:00:00-04:00,413.28597150012826,416.76955984374484,411.95658323009724,414.0040283203125,414.36307153692104,2022-08-19 00:00:00-04:00,412.3834730039344,412.65517253346127,408.73491108197845,409.6276550292969,410.69504180771986,-3.66802972920118,409.0,404.0,2000.0
2022-08-24 00:00:00-04:00,2022-08-24 00:00:00-04:00,399.8949639058514,402.80604331270956,399.1963332767153,401.40875244140625,401.0011882947124,2022-08-26 00:00:00-04:00,406.95922226084866,407.5123048566077,393.2383200860344,393.2965393066406,400.3753124713211,-0.6258758233913113,395.0,390.0,2000.0
2022-08-31 00:00:00-04:00,2022-08-31 00:00:00-04:00,388.0759752595845,389.3471441877701,383.33093138855486,383.4667663574219,386.3390377881625,2022-09-02 00:00:00-04:00,388.41559213435113,389.6576514061309,378.76050096086243,380.6138916015625,384.2090761834967,-2.129961604665823,381.0,376.0,2000.0
2022-09-07 00:00:00-04:00,2022-09-07 00:00:00-04:00,378.85759516009387,386.775735215721,378.6344313433817,385.98974609375,382.70508327955133,2022-09-09 00:00:00-04:00,390.80270501657947,395.43134031725964,390.53100545109334,394.5483093261719,392.9811728841765,10.276089604625156,377.0,372.0,2000.0
2022-09-14 00:00:00-04:00,2022-09-14 00:00:00-04:00,382.7778401842686,384.4565733370876,379.5271288578314,382.90399169921875,381.9918510974595,2022-09-16 00:00:00-04:00,374.28523823522823,376.3410937563074,372.3072875661194,375.6687927246094,374.3241906612134,-7.667660436246138,377.0,372.0,-8703.237355146484
2022-09-21 00:00:00-04:00,2022-09-21 00:00:00-04:00,376.2046408146113,379.32255925397106,367.6986210503872,367.7083740234375,373.51059015217913,2022-09-23 00:00:00-04:00,361.0730943666469,361.11207652876976,353.97013408931264,358.5105895996094,357.5411053090412,-15.969484843137934,368.0,363.0,-20000.0
2022-09-28 00:00:00-04:00,2022-09-28 00:00:00-04:00,355.03213222223997,362.74893441247207,353.2977978638824,361.02435302734375,358.02336613817727,2022-09-30 00:00:00-04:00,352.5183188002111,356.5228957303262,347.880452745319,348.016845703125,352.2016742378226,-5.821691900354665,353.0,348.0,-1193.3030487095948
2022-10-05 00:00:00-04:00,2022-10-05 00:00:00-04:00,363.8110148201302,369.72527159005966,361.4336085437267,367.41607666015625,365.5794400668932,2022-10-07 00:00:00-04:00,359.5043598773742,363.71354073928893,351.6803645351609,353.48291015625,357.6969526372249,-7.882487429668288,361.0,356.0,-11212.189451100357
2022-10-12 00:00:00-04:00,2022-10-12 00:00:00-04:00,348.9814931635544,350.5891579934356,347.15944130603253,347.41278076171875,348.8742996497341,2022-10-14 00:00:00-04:00,359.0951626373535,360.7613155032421,347.8024974419361,348.455322265625,354.28190647258907,5.407606822854973,344.0,339.0,2000.0
2022-10-19 00:00:00-04:00,2022-10-19 00:00:00-04:00,359.52386770800786,362.310512316786,356.17211558629367,359.04644775390625,359.24131395153984,2022-10-21 00:00:00-04:00,355.753132685699,365.1847928654668,354.21367940951114,364.6878967285156,359.699236137489,0.457922185949144,354.0,349.0,2000.0
2022-10-26 00:00:00-04:00,2022-10-26 00:00:00-04:00,371.829872084904,377.63696523705477,371.56680940028997,372.2196044921875,374.60188731867237,2022-10-28 00:00:00-04:00,370.1247500423889,379.52718146565786,369.93962195373524,379.0400085449219,374.7334017096965,0.13151439102415452,369.0,364.0,2000.0
2022-11-02 00:00:00-04:00,2022-11-02 00:00:00-04:00,374.0513942617957,378.6600611866165,365.14588797882215,365.2530517578125,371.9029745827193,2022-11-04 00:00:00-04:00,367.32844835855815,369.150470652549,360.5080262404947,366.69512939453125,364.8292484465219,-7.073726136197422,367.0,362.0,-6683.006213912449
2022-11-09 00:00:00-05:00,2022-11-09 00:00:00-05:00,370.1832069030525,371.3621867753873,364.0253340737637,364.5320129394531,367.6937604245755,2022-11-11 00:00:00-05:00,385.44148749091073,389.1050375565322,383.512271922055,388.2865905761719,386.3086547392936,18.61489431471813,363.0,358.0,2000.0
2022-11-16 00:00:00-05:00,2022-11-16 00:00:00-05:00,386.6009205255612,387.575266313441,384.66198192277596,385.3050537109375,386.11862411810847,2022-11-18 00:00:00-05:00,387.5363319171373,387.6045432670171,382.95692399052905,385.8702087402344,385.2807336287731,-0.8378904893353933,381.0,376.0,2000.0
2022-11-23 00:00:00-05:00,2022-11-23 00:00:00-05:00,389.29985500029227,392.5931485830242,389.06602152188384,392.09625244140625,390.82958505245404,2022-11-25 00:00:00-05:00,391.5214024862521,392.5737127165856,391.2388635823632,392.0085754394531,391.9062881494744,1.0767030970203564,385.0,380.0,2000.0
2022-11-30 00:00:00-05:00,2022-11-30 00:00:00-05:00,385.34406465726113,397.2213439941406,383.38564954576833,397.2213439941406,390.30349676995445,2022-12-02 00:00:00-05:00,391.9306141532233,397.39668004316354,391.8234503834638,396.4710693359375,394.61006521331365,4.306568443359197,385.0,380.0,2000.0
2022-12-07 00:00:00-05:00,2022-12-07 00:00:00-05:00,382.8594647428214,385.4902104596238,381.9143480688995,383.0738220214844,383.7022792642617,2022-12-09 00:00:00-05:00,384.80818318952777,387.41942314028876,383.0640956526688,383.1907653808594,385.24175939647876,1.5394801322170792,378.0,373.0,2000.0
2022-12-14 00:00:00-05:00,2022-12-14 00:00:00-05:00,391.30698230478856,395.09720154415584,386.14296172471427,389.1536865234375,390.62008163443505,2022-12-16 00:00:00-05:00,377.0219242695078,378.3922664546026,372.96962453135484,375.1523742675781,375.6809454929787,-14.939136141456345,385.0,380.0,-20000.0
2022-12-21 00:00:00-05:00,2022-12-21 00:00:00-05:00,375.13278808405664,379.20468311916943,374.58465124002396,378.0496826171875,376.8946671795967,2022-12-23 00:00:00-05:00,371.60902488086003,374.94680482577985,370.0233411840655,374.79998779296875,372.4850730049227,-4.409594174673998,372.0,367.0,2000.0
2022-12-28 00:00:00-05:00,2022-12-28 00:00:00-05:00,373.2534151734545,375.26981184263866,368.4474352895229,368.6823425292969,371.8586235660808,2022-12-30 00:00:00-05:00,372.5780728031714,374.47695619129786,370.41485901655614,374.33013916015625,372.445907603927,0.5872840378462456,367.0,362.0,2000.0
2023-01-04 00:00:00-05:00,2023-01-04 00:00:00-05:00,375.06425617368,377.7070822330951,371.9516156121233,375.6319885253906,374.8293489226092,2023-01-06 00:00:00-05:00,374.5063267394853,381.00570623999096,371.37412048760314,379.8604736328125,376.189913363797,1.3605644411878188,370.0,365.0,2000.0
2023-01-11 00:00:00-05:00,2023-01-11 00:00:00-05:00,383.92258694438635,387.22120563021065,383.0905839536932,387.14288330078125,385.15589479195194,2023-01-13 00:00:00-05:00,385.28313738549855,390.64708193077223,385.00906897055563,390.0597839355469,387.82807545066396,2.6721806587120227,380.0,375.0,2000.0
2023-01-18 00:00:00-05:00,2023-01-18 00:00:00-05:00,390.55898789613354,391.6454637861505,382.9926983461053,383.1982421875,387.3190810661279,2023-01-20 00:00:00-05:00,381.8376913206564,387.6518845613091,380.154119711053,387.4952697753906,383.90300213618104,-3.4160789299468775,382.0,377.0,2000.0
2023-01-25 00:00:00-05:00,2023-01-25 00:00:00-05:00,387.56380330567396,392.2131984539165,385.2244090929005,391.87060546875,388.71880377340847,2023-01-27 00:00:00-05:00,395.1105017880801,399.5151919776354,394.89516018396426,397.08770751953125,397.20517608079984,8.486372307391377,383.0,378.0,2000.0
2023-02-01 00:00:00-05:00,2023-02-01 00:00:00-05:00,396.627673062992,404.9085123804707,393.82826199489097,402.0992736816406,399.3683871876808,2023-02-03 00:00:00-05:00,402.87254227859586,408.1385989463837,402.38313225179354,403.616455078125,405.2608655990886,5.892478411407808,394.0,389.0,2000.0
2023-02-08 00:00:00-05:00,2023-02-08 00:00:00-05:00,404.37993812748715,405.7502802438866,401.2477019718161,401.95245361328125,403.49899110785134,2023-02-10 00:00:00-05:00,397.26388521647493,399.78925763560716,396.43191208338527,399.3977355957031,398.1105848594962,-5.388406248355125,398.0,393.0,2000.0
2023-02-15 00:00:00-05:00,2023-02-15 00:00:00-05:00,401.6588229356415,405.2902370425833,400.79745649199407,405.2119445800781,403.0438467672887,2023-02-17 00:00:00-05:00,397.45968129335733,398.8789823649803,395.49224336387607,398.63427734375,397.1856128644282,-5.858233902860491,397.0,392.0,2000.0
2023-02-22 00:00:00-05:00,2023-02-22 00:00:00-05:00,391.0581624874836,392.63407824808473,388.61111244467526,390.09893798828125,390.62259534637997,2023-02-24 00:00:00-05:00,387.0450213305272,388.8362488047192,385.30272290832767,387.98468017578125,387.06948585652344,-3.5531094898565243,385.0,380.0,2000.0
2023-03-01 00:00:00-05:00,2023-03-01 00:00:00-05:00,387.03524763936247,388.28813613468384,385.04824409120704,386.3794250488281,386.66819011294547,2023-03-03 00:00:00-05:00,391.2441479491185,395.88377522890704,390.57855749420094,395.6292724609375,393.23116636155396,6.562976248608493,381.0,376.0,2000.0
2023-03-08 00:00:00-05:00,2023-03-08 00:00:00-05:00,389.9521433040946,391.2441630986053,388.19024924958677,390.4709167480469,389.7172061740961,2023-03-10 00:00:00-05:00,382.70884292065784,384.83289557876475,376.1801298957635,377.7364501953125,380.50651273726413,-9.210693436831946,384.0,379.0,-11973.949050943475
2023-03-15 00:00:00-04:00,2023-03-15 00:00:00-04:00,377.71688028842055,381.24060854211376,375.58302989505836,381.0350646972656,378.41181921858606,2023-03-17 00:00:00-04:00,386.360616909698,387.52002562936764,381.77206784476044,383.18695068359375,384.646046737064,6.234227518477951,373.0,368.0,2000.0
2023-03-22 00:00:00-04:00,2023-03-22 00:00:00-04:00,391.77444132050834,395.46883032733626,385.23061682267064,385.2698974609375,390.34972357500345,2023-03-24 00:00:00-04:00,385.0046389910027,388.9348619655763,382.6072005776951,388.846435546875,385.7710312716357,-4.578692303367745,385.0,380.0,2000.0
2023-03-29 00:00:00-04:00,2023-03-29 00:00:00-04:00,392.95351252918584,394.5943938194549,391.7253178459737,394.3487548828125,393.1598558327143,2023-03-31 00:00:00-04:00,397.6010052417731,402.5530945161095,397.4929085191739,402.2485046386719,400.0230015176417,6.863145684927417,388.0,383.0,2000.0
2023-04-05 00:00:00-04:00,2023-04-05 00:00:00-04:00,400.7943054491146,401.5705328601077,398.7997185463506,400.4897155761719,400.1851257032291,2023-04-14 00:00:00-04:00,405.6088235940857,407.8490494319672,402.90679536928377,405.2649230957031,405.3779224006255,5.192796697396375,395.0,390.0,2000.0
2023-04-12 00:00:00-04:00,2023-04-12 00:00:00-04:00,404.68522433886335,404.9800090494487,400.3325096447328,400.9318542480469,402.6562593470908,2023-04-14 00:00:00-04:00,405.6088235940857,407.8490494319672,402.90679536928377,405.2649230957031,405.3779224006255,2.721663053534712,397.0,392.0,2000.0
2023-04-19 00:00:00-04:00,2023-04-19 00:00:00-04:00,405.02912919578927,407.8392242252051,404.97017825008277,406.9156494140625,406.40470123764396,2023-04-21 00:00:00-04:00,404.9996558140545,405.48109853488404,403.0149039995037,405.0094909667969,404.2480012671939,-2.156699970450063,401.0,396.0,2000.0
2023-04-26 00:00:00-04:00,2023-04-26 00:00:00-04:00,399.62509114762656,400.72554883214565,396.73637473315233,397.3062438964844,398.730961782649,2023-04-28 00:00:00-04:00,404.3118580081984,408.6842431118049,404.25290706171927,408.6744079589844,406.4685750867621,7.737613304113097,393.0,388.0,2000.0
2023-05-03 00:00:00-04:00,2023-05-03 00:00:00-04:00,404.18410677568943,406.6503312293158,400.65673533746303,400.9023742675781,403.6535332833894,2023-05-05 00:00:00-04:00,401.7769282823865,406.5030196639377,401.5116489896042,405.4320373535156,404.007334326771,0.35380104338162255,398.0,393.0,2000.0
2023-05-10 00:00:00-04:00,2023-05-10 00:00:00-04:00,406.6601941034515,407.3086845213889,401.7375800131039,405.6481628417969,404.5231322672464,2023-05-12 00:00:00-04:00,406.2082195830524,406.424383051838,401.9340959869692,404.4101257324219,404.1792395194036,-0.3438927478428013,399.0,394.0,2000.0
2023-05-17 00:00:00-04:00,2023-05-17 00:00:00-04:00,405.1568679540102,408.6056182333184,403.476706023823,407.98663330078125,406.0411621285707,2023-05-19 00:00:00-04:00,412.8404537359057,413.38084739262126,410.0696393844211,411.3174743652344,411.7252433885212,5.684081259950517,400.0,395.0,2000.0
2023-05-24 00:00:00-04:00,2023-05-24 00:00:00-04:00,405.22566974457743,405.61868606124324,402.72996965665413,403.9188537597656,404.1743278589487,2023-05-26 00:00:00-04:00,408.08486534541936,413.4299710097169,408.0062740791305,412.69305419921875,410.7181225444237,6.543794685475007,399.0,394.0,2000.0
2023-05-31 00:00:00-04:00,2023-05-31 00:00:00-04:00,410.98340484855646,411.90700962301986,408.95934246670373,410.5609130859375,410.4331760448618,2023-06-02 00:00:00-04:00,417.0949074399288,421.2609341404067,416.5545137824462,420.45526123046875,418.9077239614264,8.474547916564632,405.0,400.0,2000.0
2023-06-07 00:00:00-04:00,2023-06-07 00:00:00-04:00,420.96620621804044,422.12561485695863,418.67683442935254,419.1091613769531,420.4012246431556,2023-06-09 00:00:00-04:00,422.45967726668954,424.45426431245454,421.3886950583943,422.4007263183594,422.9214796854244,2.5202550422687864,415.0,410.0,2000.0
2023-06-14 00:00:00-04:00,2023-06-14 00:00:00-04:00,429.386723759245,431.4009511739475,426.02636969839625,429.5537414550781,428.71366043617184,2023-06-16 00:00:00-04:00,436.908777579292,437.490635249728,432.9146570887549,433.39788818359375,435.20264616924146,6.488985733069626,423.0,418.0,2000.0
2023-06-21 00:00:00-04:00,2023-06-21 00:00:00-04:00,430.1433879600476,430.961925270113,428.33861506835444,428.9402160644531,429.65027016923375,2023-06-23 00:00:00-04:00,426.9579639900754,429.0585866390948,426.5043178615198,427.2341003417969,427.7814522503073,-1.8688179189264247,424.0,419.0,2000.0
2023-06-28 00:00:00-04:00,2023-06-28 00:00:00-04:00,429.04869738233083,431.40574301021115,428.41754150278797,430.3702392578125,429.9116422564996,2023-06-30 00:00:00-04:00,435.35057706388756,438.1711104689051,435.0251123807827,437.1651916503906,436.59811142484386,6.686469168344274,424.0,419.0,2000.0
2023-07-05 00:00:00-04:00,2023-07-05 00:00:00-04:00,435.81410096674966,437.76679880286986,435.80422928027366,437.01727294921875,436.7855140415718,2023-07-07 00:00:00-04:00,432.57934054334083,436.53403438707335,432.25387586125464,432.50042724609375,434.393955124164,-2.3915589174077923,431.0,426.0,2000.0
2023-07-12 00:00:00-04:00,2023-07-12 00:00:00-04:00,440.23232246810403,441.30728293667374,438.77272737769266,439.8674011230469,440.0400051571832,2023-07-14 00:00:00-04:00,444.265856077209,445.1336916196582,442.3032867036154,443.0823974609375,443.7184891616368,3.678484004453594,434.0,429.0,2000.0
2023-07-19 00:00:00-04:00,2023-07-19 00:00:00-04:00,448.7333644009671,450.1337593263326,447.8457553930393,448.9207458496094,448.989757359686,2023-07-21 00:00:00-04:00,447.6978273476414,447.90495216617904,445.93254122347616,445.9423828125,446.91874669482763,-2.0710106648583633,443.0,438.0,2000.0
2023-07-26 00:00:00-04:00,2023-07-26 00:00:00-04:00,448.2008697096922,450.68609703944526,447.125909194563,449.2265319824219,448.90600311700416,2023-07-28 00:00:00-04:00,449.59137275456834,451.4651572044156,446.24812162899883,450.6170349121094,448.85663941670725,-0.049363700296908064,443.0,438.0,2000.0
2023-08-02 00:00:00-04:00,2023-08-02 00:00:00-04:00,446.99770260531284,447.26396729111536,443.1515066606835,443.9207458496094,445.2077369758994,2023-08-04 00:00:00-04:00,444.5025823403522,446.6525032918152,440.11395544978984,440.6465148925781,443.3832293708025,-1.824507605096926,439.0,434.0,2000.0
2023-08-09 00:00:00-04:00,2023-08-09 00:00:00-04:00,442.83585759535833,443.0035257740505,438.8219939587649,439.6011047363281,440.91275986640767,2023-08-11 00:00:00-04:00,437.84568432135353,440.53803633889316,437.2342416887106,439.50250244140625,438.8861390138019,-2.026620852605788,435.0,430.0,2000.0
2023-08-16 00:00:00-04:00,2023-08-16 00:00:00-04:00,436.35648562645207,438.0527603234501,433.4669106781938,433.5754089355469,435.75983550082196,2023-08-18 00:00:00-04:00,427.39190101323976,431.5339764260899,427.0368814561068,430.4787292480469,429.28542894109836,-6.4744065597236045,430.0,425.0,-858.2842356065612
2023-08-23 00:00:00-04:00,2023-08-23 00:00:00-04:00,433.19078439124,437.5498261300677,433.0428595792378,436.91864013671875,435.2963428546527,2023-08-25 00:00:00-04:00,432.6286348274808,435.2124885015216,428.9994056990053,433.9008483886719,432.10594710026345,-3.1903957543892716,429.0,424.0,2000.0
2023-08-30 00:00:00-04:00,2023-08-30 00:00:00-04:00,443.3092658954717,445.439473492585,442.5893250100318,444.78857421875,444.0143992513084,2023-09-01 00:00:00-04:00,446.918762188875,447.4118649416459,443.4768845088438,444.966064453125,445.44437472524487,1.4299754739364516,438.0,433.0,2000.0
2023-09-06 00:00:00-04:00,2023-09-06 00:00:00-04:00,442.2145570794409,442.3230553388208,437.687877273051,440.06463623046875,440.0054663059359,2023-09-08 00:00:00-04:00,438.7628249779414,440.9423307259968,438.3979337550321,439.374267578125,439.6701322405145,-0.33533406542142075,434.0,429.0,2000.0
2023-09-13 00:00:00-04:00,2023-09-13 00:00:00-04:00,440.0646389379182,441.53407556719856,438.94035017166794,440.35064697265625,440.2372128694333,2023-09-15 00:00:00-04:00,442.5274548449856,442.86394388451305,438.3509858677933,438.79632568359375,440.6074648761532,0.3702520067199089,434.0,429.0,2000.0
2023-09-20 00:00:00-04:00,2023-09-20 00:00:00-04:00,439.42971187500234,439.85526885225755,433.9072568669678,434.1151123046875,436.88126285961266,2023-09-22 00:00:00-04:00,427.98894664457714,429.6219195426985,425.5543017536536,425.9798889160156,427.58811064817604,-9.29315221143662,431.0,426.0,-11647.557407295835
2023-09-27 00:00:00-04:00,2023-09-27 00:00:00-04:00,422.68424835223726,423.2582821384515,417.93377596991115,421.65496826171875,420.5960290541813,2023-09-29 00:00:00-04:00,427.21700024243137,427.395136153245,421.5164094742719,423.0702209472656,424.4557728137585,3.8597437595771567,415.0,410.0,2000.0
2023-10-04 00:00:00-04:00,2023-10-04 00:00:00-04:00,417.7160487474246,421.0413734105101,416.2216158289008,420.2793273925781,418.63149461970545,2023-10-06 00:00:00-04:00,417.6170313222115,426.6825419632628,416.26116883883435,425.10894775390625,421.4718554010486,2.840360781343122,413.0,408.0,2000.0
2023-10-11 00:00:00-04:00,2023-10-11 00:00:00-04:00,431.146052733547,432.0763281238045,428.71140778018,431.81903076171875,430.39386795199226,2023-10-13 00:00:00-04:00,430.7204257542589,431.9476546247167,425.44542258166354,427.0487060546875,428.6965386031901,-1.6973293488021568,424.0,419.0,2000.0
2023-10-18 00:00:00-04:00,2023-10-18 00:00:00-04:00,429.71098770321703,430.6907654020074,424.6635922134283,425.77203369140625,427.67717880771784,2023-10-20 00:00:00-04:00,421.5856885727675,422.1399093114171,416.73621180543574,416.8450927734375,419.4380605584264,-8.239118249291437,422.0,417.0,-8247.757766294399
2023-10-25 00:00:00-04:00,2023-10-25 00:00:00-04:00,417.5379014741894,417.5675907934895,412.7181138208599,413.2426452636719,415.14285230717473,2023-10-27 00:00:00-04:00,409.9173440503639,410.32311823909885,404.98870534632846,406.44354248046875,407.65591179271365,-7.486940514461082,409.0,404.0,-3376.3528291453895
2023-11-01 00:00:00-04:00,2023-11-01 00:00:00-04:00,414.87565815720524,419.1312884380431,414.33131368692415,418.2999572753906,416.7313010624836,2023-11-03 00:00:00-04:00,428.6718729952901,431.7893725055251,428.54320920360834,430.20587158203125,430.1662908545667,13.434989792083059,411.0,406.0,2000.0
2023-11-08 00:00:00-05:00,2023-11-08 00:00:00-05:00,433.03633411364973,433.57077206864216,430.38398755634427,432.73944091796875,431.9773798124932,2023-11-10 00:00:00-05:00,431.48254564188335,436.38146450610833,429.35470036458923,436.06475830078125,432.8680824353488,0.8907026228555992,426.0,421.0,2000.0
2023-11-15 00:00:00-05:00,2023-11-15 00:00:00-05:00,445.4667251553153,446.7236433750419,444.1702413149659,445.0411682128906,445.4469423450039,2023-11-17 00:00:00-05:00,445.5954260498807,446.76327641634856,444.6552441361615,446.1397705078125,445.709260276255,0.26231793125111835,439.0,434.0,2000.0
2023-11-22 00:00:00-05:00,2023-11-22 00:00:00-05:00,450.28654521633837,451.6720971081793,449.2077930218777,450.32611083984375,450.4399450650285,2023-11-24 00:00:00-05:00,450.375602409821,450.80115937307926,450.03911340147044,450.60321044921875,450.42013638727485,-0.019808677753644588,444.0,439.0,2000.0
2023-11-29 00:00:00-05:00,2023-11-29 00:00:00-05:00,452.4341556104476,453.5920994894751,449.51460515096267,449.92034912109375,451.5533523202189,2023-12-01 00:00:00-05:00,451.06837873084663,454.9083584446173,450.46468583703785,454.3640441894531,452.6865221408276,1.133169820608714,445.0,440.0,2000.0
2023-12-06 00:00:00-05:00,2023-12-06 00:00:00-05:00,454.0770262517531,454.1067155710068,449.6234471471,450.0688171386719,451.8650813590534,2023-12-08 00:00:00-05:00,452.74094240780397,455.99701200291724,452.49352134865967,455.45269775390625,454.24526667578846,2.3801853167350373,446.0,441.0,2000.0
2023-12-13 00:00:00-05:00,2023-12-13 00:00:00-05:00,459.69841154047964,465.90375090072945,459.3322332132287,465.64642333984375,462.61799205697906,2023-12-15 00:00:00-05:00,466.53069922800955,467.7330941857865,464.4836862534859,466.3717041015625,466.10839021963625,3.4903981626571863,456.0,451.0,2000.0
2023-12-20 00:00:00-05:00,2023-12-20 00:00:00-05:00,470.9725252251721,472.90029943659243,464.8712426631662,465.3084716796875,468.8857710498793,2023-12-22 00:00:00-05:00,470.87315758591006,472.38359615088183,468.7267991545021,470.66448974609375,470.55519765269196,1.6694266028126776,462.0,457.0,2000.0
2023-12-27 00:00:00-05:00,2023-12-27 00:00:00-05:00,472.44320687732755,473.6555181808432,471.8966857698918,473.5064697265625,472.7761019753675,2023-12-29 00:00:00-05:00,473.4865808305558,474.02318559622694,470.3166855971226,472.31402587890625,472.1699355966748,-0.6061663786927056,466.0,461.0,2000.0
2024-01-03 00:00:00-05:00,2024-01-03 00:00:00-05:00,467.46479107021304,468.2200103628402,465.21905686223414,465.83514404296875,466.71953361253713,2024-01-05 00:00:00-05:00,464.54332939837514,467.47474722773467,463.4900131663497,464.97064208984375,465.4823801970422,-1.2371534154949586,460.0,455.0,2000.0
2024-01-10 00:00:00-05:00,2024-01-10 00:00:00-05:00,471.17128604970503,474.4405570663512,470.88310548192015,473.55615234375,472.6618312741357,2024-01-12 00:00:00-05:00,474.82807645137143,475.58329572531596,472.2345423530404,473.6753845214844,473.90891903917816,1.2470877650424654,466.0,461.0,2000.0
2024-01-17 00:00:00-05:00,2024-01-17 00:00:00-05:00,468.8460411153515,469.8099282442227,466.9083201853339,469.3130798339844,468.35912421477826,2024-01-19 00:00:00-05:00,474.6392602498069,479.67731019553725,473.53627138162756,479.3891296386719,476.60679078858243,8.247666573804167,462.0,457.0,2000.0
2024-01-24 00:00:00-05:00,2024-01-24 00:00:00-05:00,484.7352346502704,485.6891750893112,481.82371029790653,482.33050537109375,483.75644269360885,2024-01-26 00:00:00-05:00,484.51662670345155,486.0369816183863,483.47325717710777,484.3377685546875,484.755119397747,0.9986767041381768,477.0,472.0,2000.0
2024-01-31 00:00:00-05:00,2024-01-31 00:00:00-05:00,485.54014437745394,485.99723643210365,479.8164408836042,479.8363342285156,482.9068386578539,2024-02-02 00:00:00-05:00,486.56362179743365,492.9232751183183,486.2158218597219,491.2340087890625,489.5695484890201,6.662709831166239,476.0,471.0,2000.0
2024-02-07 00:00:00-05:00,2024-02-07 00:00:00-05:00,493.1617993796684,495.3876705347539,492.2376382972266,494.96038818359375,493.81265441599027,2024-02-09 00:00:00-05:00,495.6957227505554,498.48800841521756,495.34792279521304,498.0408630371094,496.9179656052153,3.105311189225006,487.0,482.0,2000.0
2024-02-14 00:00:00-05:00,2024-02-14 00:00:00-05:00,493.6586500784336,495.9242776075879,491.28370013032355,495.42742919921875,493.60398886895575,2024-02-16 00:00:00-05:00,498.53770970529985,499.70031800952876,495.6062919386821,496.36151123046875,497.6533049741054,4.049316105149671,487.0,482.0,2000.0
2024-02-21 00:00:00-05:00,2024-02-21 00:00:00-05:00,492.2972932908916,494.2349839002045,490.4490014313832,494.07598876953125,492.34199266579384,2024-02-23 00:00:00-05:00,506.05995825466897,506.91455327150584,503.90365318149185,504.64892578125,505.4091032264988,13.067110560704975,485.0,480.0,2000.0
2024-02-28 00:00:00-05:00,2024-02-28 00:00:00-05:00,502.1448086222286,503.66516356778334,501.7771456450688,503.0689697265625,502.72115460642607,2024-03-01 00:00:00-05:00,505.7718295220385,510.0546301595133,505.3544635053311,509.6174011230469,507.70454683242224,4.98339222599617,496.0,491.0,2000.0
2024-03-06 00:00:00-05:00,2024-03-06 00:00:00-05:00,507.33187155193156,508.8423100437982,505.21532291436665,506.53692626953125,507.0288164790824,2024-03-08 00:00:00-05:00,512.2109840771541,514.9535363508023,507.90825986942224,508.4945373535156,511.43089811011225,4.40208163102983,500.0,495.0,2000.0
2024-03-13 00:00:00-04:00,2024-03-13 00:00:00-04:00,513.8506024884553,514.0294606569565,511.2471213961914,512.7177734375,512.6382910265739,2024-03-15 00:00:00-04:00,508.5693041375855,510.05453341506444,506.48602862159686,508.1905212402344,508.27028101833065,-4.368010008243289,505.0,500.0,2000.0
2024-03-20 00:00:00-04:00,2024-03-20 00:00:00-04:00,514.1114592851128,518.9458388177766,513.4236756826768,518.8062744140625,516.1847572502268,2024-03-22 00:00:00-04:00,520.4310048593983,520.9293969793162,519.2946562246536,519.533935546875,520.1120266019849,3.9272693517581274,509.0,504.0,2000.0
2024-03-27 00:00:00-04:00,2024-03-27 00:00:00-04:00,520.0323437649558,521.5275201709945,517.819451047799,521.4876098632812,519.6734856093967,2024-04-05 00:00:00-04:00,512.8056739414428,518.7664245993375,512.3571088377373,516.7628784179688,515.5617667185375,-4.111718890859265,512.0,507.0,2000.0
2024-04-03 00:00:00-04:00,2024-04-03 00:00:00-04:00,516.0551172277823,519.2747717539253,516.0052901826223,517.7396850585938,517.6400309682738,2024-04-05 00:00:00-04:00,512.8056739414428,518.7664245993375,512.3571088377373,516.7628784179688,515.5617667185375,-2.0782642497363213,510.0,505.0,2000.0
2024-04-10 00:00:00-04:00,2024-04-10 00:00:00-04:00,511.828779291004,514.5001538955246,510.4432953613143,512.4667358398438,512.4717246284195,2024-04-12 00:00:00-04:00,512.7159145142723,514.1612638578232,507.4429172659005,509.2072448730469,510.80209056186186,-1.6696340665575917,505.0,500.0,2000.0
2024-04-17 00:00:00-04:00,2024-04-17 00:00:00-04:00,504.42268229635664,504.5921490117264,497.51497440556665,498.94036865234375,501.0535617086465,2024-04-19 00:00:00-04:00,497.83392331921834,498.85063229314227,492.27185022446037,493.56768798828125,495.5612412588013,-5.492320449845181,494.0,489.0,2000.0
2024-04-24 00:00:00-04:00,2024-04-24 00:00:00-04:00,504.93102480196853,505.73841760700446,501.51206214168633,503.78472900390625,503.6252398743454,2024-04-26 00:00:00-04:00,504.721718239114,508.2403654748059,504.07381455130115,506.6255798339844,506.15709001305356,2.531850138708137,497.0,492.0,2000.0
2024-05-01 00:00:00-04:00,2024-05-01 00:00:00-04:00,499.7677144385784,506.5558130505009,498.2625604196767,498.74102783203125,502.4091867350888,2024-05-03 00:00:00-04:00,509.5162566822298,510.90177101459005,506.9246114679655,509.6458435058594,508.9131912412778,6.5040045061890055,495.0,490.0,2000.0
2024-05-08 00:00:00-04:00,2024-05-08 00:00:00-04:00,513.6030691416237,516.0750746456811,513.4834598971618,515.52685546875,514.7792672714214,2024-05-10 00:00:00-04:00,520.1320127003125,520.9593607034861,517.9191807588884,519.1651611328125,519.4392707311872,4.66000345976579,508.0,503.0,2000.0
2024-05-15 00:00:00-04:00,2024-05-15 00:00:00-04:00,524.1391058601715,528.3754391380512,523.4911717291769,528.076416015625,525.9333054336141,2024-05-17 00:00:00-04:00,527.1094799982458,527.8172187220256,525.6242811909807,527.7474365234375,526.7207499565031,0.7874445228890181,519.0,514.0,2000.0
2024-05-22 00:00:00-04:00,2024-05-22 00:00:00-04:00,528.9435910957411,529.6712241359859,525.9033504362835,528.126220703125,527.7872872861346,2024-05-24 00:00:00-04:00,526.152573970139,528.5648358055848,525.1857223916041,527.7374877929688,526.8752790985945,-0.9120081875400956,520.0,515.0,2000.0
2024-05-29 00:00:00-04:00,2024-05-29 00:00:00-04:00,523.9895707481159,525.6143340466289,523.6805700444107,524.408203125,524.6474520455198,2024-05-31 00:00:00-04:00,521.9063202695489,525.8037201273548,516.6930969914932,525.6741333007812,521.248408559424,-3.3990434860958203,517.0,512.0,2000.0
2024-06-05 00:00:00-04:00,2024-06-05 00:00:00-04:00,529.0632004530347,532.9705777122101,527.0297216284232,532.9506225585938,530.0001496703167,2024-06-07 00:00:00-04:00,531.9438746415309,535.1635292517811,530.8274811096986,532.2927856445312,532.9955051807399,2.9953555104232237,523.0,518.0,2000.0
2024-06-12 00:00:00-04:00,2024-06-12 00:00:00-04:00,539.8882918577245,542.3702750607599,538.5625516876748,539.619140625,540.4664133742174,2024-06-14 00:00:00-04:00,539.1406924442229,541.064478826118,538.1139754213309,541.0346069335938,539.5892271237244,-0.8771862504929686,533.0,528.0,2000.0
2024-06-26 00:00:00-04:00,2024-06-26 00:00:00-04:00,543.6900024414062,546.239990234375,543.030029296875,545.510009765625,544.635009765625,2024-06-28 00:00:00-04:00,547.1599731445312,550.280029296875,542.9500122070312,544.219970703125,546.6150207519531,1.980010986328125,537.0,532.0,2000.0
2024-07-03 00:00:00-04:00,2024-07-03 00:00:00-04:00,548.6900024414062,551.8300170898438,548.6500244140625,551.4600219726562,550.2400207519531,2024-07-05 00:00:00-04:00,551.77001953125,555.0499877929688,551.1199951171875,554.6400146484375,553.0849914550781,2.844970703125,542.0,537.0,2000.0
2024-07-10 00:00:00-04:00,2024-07-10 00:00:00-04:00,557.0700073242188,561.6699829101562,556.77001953125,561.3200073242188,559.2200012207031,2024-07-12 00:00:00-04:00,557.6300048828125,563.6699829101562,557.1500244140625,559.989990234375,560.4100036621094,1.19000244140625,551.0,546.0,2000.0
2024-07-17 00:00:00-04:00,2024-07-17 00:00:00-04:00,558.7999877929688,560.510009765625,556.6099853515625,556.9400024414062,558.5599975585938,2024-07-19 00:00:00-04:00,552.4199829101562,554.0800170898438,547.9099731445312,548.989990234375,550.9949951171875,-7.56500244140625,551.0,546.0,1979.98046875
2024-07-24 00:00:00-04:00,2024-07-24 00:00:00-04:00,548.8599853515625,549.1699829101562,540.2899780273438,541.22998046875,544.72998046875,2024-07-26 00:00:00-04:00,542.280029296875,547.1900024414062,541.489990234375,544.4400024414062,544.3399963378906,-0.389984130859375,537.0,532.0,2000.0
2024-07-31 00:00:00-04:00,2024-07-31 00:00:00-04:00,548.97998046875,553.5,547.5800170898438,550.8099975585938,550.5400085449219,2024-08-02 00:00:00-04:00,535.75,536.989990234375,528.5999755859375,532.9000244140625,532.7949829101562,-17.745025634765625,543.0,538.0,-20000.0
2024-08-07 00:00:00-04:00,2024-08-07 00:00:00-04:00,528.469970703125,531.5900268554688,518.0499877929688,518.6599731445312,524.8200073242188,2024-08-09 00:00:00-04:00,529.8099975585938,534.510009765625,528.5599975585938,532.989990234375,531.5350036621094,6.714996337890625,517.0,512.0,2000.0
2024-08-14 00:00:00-04:00,2024-08-14 00:00:00-04:00,542.8499755859375,544.9600219726562,540.1199951171875,543.75,542.5400085449219,2024-08-16 00:00:00-04:00,551.4199829101562,555.02001953125,551.260009765625,554.3099975585938,553.1400146484375,10.600006103515625,535.0,530.0,2000.0
2024-08-21 00:00:00-04:00,2024-08-21 00:00:00-04:00,559.77001953125,562.1099853515625,554.72998046875,560.6199951171875,558.4199829101562,2024-08-23 00:00:00-04:00,559.530029296875,563.0900268554688,557.2899780273438,562.1300048828125,560.1900024414062,1.77001953125,551.0,546.0,2000.0
2024-08-28 00:00:00-04:00,2024-08-28 00:00:00-04:00,561.2100219726562,561.6500244140625,555.0399780273438,558.2999877929688,558.3450012207031,2024-08-30 00:00:00-04:00,560.77001953125,564.2000122070312,557.1400146484375,563.6799926757812,560.6700134277344,2.32501220703125,550.0,545.0,2000.0
2024-09-04 00:00:00-04:00,2024-09-04 00:00:00-04:00,550.2000122070312,554.4299926757812,549.4600219726562,550.9500122070312,551.9450073242188,2024-09-06 00:00:00-04:00,549.9400024414062,551.5999755859375,539.4400024414062,540.3599853515625,545.5199890136719,-6.425018310546875,544.0,539.0,2000.0
2024-09-11 00:00:00-04:00,2024-09-11 00:00:00-04:00,548.7000122070312,555.3599853515625,539.9600219726562,554.4199829101562,547.6600036621094,2024-09-13 00:00:00-04:00,559.7100219726562,563.030029296875,559.4500122070312,562.010009765625,561.2400207519531,13.58001708984375,540.0,535.0,2000.0
